heading|activity.type|activity.confidence|activity.timestampMs|verticalAccuracy|velocity|accuracy|longitude|latitude|altitude|timestampMs|userid
,STILL,1,1582472405,2,,28,217677333,382809771,49,1582105479,55435242412a
,UNKNOWN,2,1582472489,,,1899,217705955,382857097,,1582105605,55435242412a
,IN_CAR,10,1582472642,,,1899,217705955,382857097,,1582105681,55435242412a
,UNKNOWN,2,1582472724,,,1899,217705955,382857097,,1582105763,55435242412a
,IN_CAR,1,1582472883,,,1899,217705955,382857097,,1582105815,55435242412a
,IN_CAR,10,1582472961,,,1899,217705955,382857097,,1582105867,55435242412a
,IN_CAR,10,1582473114,,,1899,217705955,382857097,,1582105916,55435242412a
,UNKNOWN,1,1582473207,,,1899,217705955,382857097,,1582105942,55435242412a
,IN_CAR,1,1582473360,,,1899,217705955,382857097,,1582105993,55435242412a
,IN_CAR,1,1582473442,,,1899,217705955,382857097,,1582106054,55435242412a
,UNKNOWN,2,1582473595,2,,17,217415997,382572827,40,1582113185,55435242412a
,IN_CAR,10,1582473680,2,,29,217416411,382572498,40,1582113303,55435242412a
,UNKNOWN,1,1582473833,2,,29,217416411,382572498,40,1582113336,55435242412a
306,UNKNOWN,3,1582473925,2,0,17,217416171,382572815,40,1582113352,55435242412a
330,IN_CAR,10,1582474043,2,0,25,217415929,382572892,40,1582113369,55435242412a
327,UNKNOWN,1,1582474196,2,0,21,217415979,382572966,40,1582113387,55435242412a
168,STILL,100,1582474280,2,0,26,217416216,382572693,40,1582113409,55435242412a
339,IN_CAR,1,1582474434,2,0,26,217415976,382572962,40,1582113425,55435242412a
172,TILTING,100,1582474567,2,0,25,217416102,382572801,40,1582113445,55435242412a
332,STILL,100,1582474593,2,1,23,217415431,382573653,40,1582113467,55435242412a
,IN_CAR,10,1582474820,7,,27,217460479,382648308,50,1582113597,55435242412a
,IN_CAR,10,1582474964,7,,23,217468657,382662820,50,1582113624,55435242412a
,UNKNOWN,1,1582475053,7,,25,217430726,382666541,50,1582113642,55435242412a
,ON_BICYCLE,1,1582475265,2,,23,217426048,382667256,36,1582113705,55435242412a
280,STILL,100,1582475362,2,0,17,217423420,382667625,36,1582113717,55435242412a
193,STILL,100,1582475498,2,3,28,217421107,382660634,35,1582113732,55435242412a
,UNKNOWN,1,1582475566,2,,17,217416436,382662676,37,1582113752,55435242412a
184,TILTING,100,1582475628,2,0,87,217418063,382662970,37,1582113774,55435242412a
,UNKNOWN,1,1582475663,,,2000,217419030,382655112,,1582113850,55435242412a
,UNKNOWN,3,1582475814,,,2000,217419030,382655112,,1582113921,55435242412a
,TILTING,100,1582475873,,,2000,217419030,382655112,,1582113987,55435242412a
,STILL,1,1582475911,,,2000,217419030,382655112,,1582114049,55435242412a
,IN_CAR,1,1582475971,,,2000,217419030,382655112,,1582114111,55435242412a
,UNKNOWN,3,1582476048,,,2000,217419030,382655112,,1582114176,55435242412a
,ON_BICYCLE,1,1582476160,,,2000,217419030,382655112,,1582114243,55435242412a
,STILL,1,1582476366,,,2000,217419030,382655112,,1582114365,55435242412a
,UNKNOWN,2,1582476455,,,2000,217419030,382655112,,1582114430,55435242412a
,IN_CAR,2,1582476608,,,2000,217419030,382655112,,1582114490,55435242412a
,ON_BICYCLE,1,1582476696,,,2000,217419030,382655112,,1582114555,55435242412a
,STILL,1,1582476773,,,2000,217419030,382655112,,1582114709,55435242412a
,IN_CAR,1,1582476971,,,2000,217419030,382655112,,1582114730,55435242412a
,UNKNOWN,2,1582477059,,,2000,217419030,382655112,,1582114747,55435242412a
,UNKNOWN,2,1582477136,,,2000,217419030,382655112,,1582114795,55435242412a
,IN_CAR,1,1582477311,,,2000,217419030,382655112,,1582114855,55435242412a
,RUNNING,1,1582477387,,,2000,217419030,382655112,,1582114916,55435242412a
,RUNNING,1,1582477506,,,2000,217419030,382655112,,1582114976,55435242412a
,STILL,100,1582477582,,,2000,217419030,382655112,,1582115011,55435242412a
,STILL,100,1582477659,,,23,217417767,382661741,,1582115029,55435242412a
,IN_CAR,1,1582477739,,,16,217417682,382661930,,1582115094,55435242412a
,STILL,1,1582477822,,,16,217417733,382661597,,1582115196,55435242412a
,IN_RAIL_VEHICLE,1,1582477976,,,23,217417841,382661817,,1582115332,55435242412a
,STILL,100,1582478064,,,16,217417740,382661640,,1582116485,55435242412a
,TILTING,100,1582478232,,,2000,217419030,382655112,,1582117873,55435242412a
351,UNKNOWN,1,1582478253,,0,1011,217417765,382661684,,1582117895,55435242412a
7,STILL,100,1582478530,,0,23,217417764,382661687,,1582117914,55435242412a
199,TILTING,100,1582479131,,0,20,217417750,382661654,,1582117926,55435242412a
199,UNKNOWN,2,1582479708,,0,20,217417750,382661654,,1582117927,55435242412a
303,STILL,100,1582479756,,0,23,217417701,382661942,,1582117948,55435242412a
222,STILL,100,1582479858,,0,22,217417598,382661831,,1582117966,55435242412a
155,TILTING,100,1582479933,,0,22,217417711,382661788,,1582117984,55435242412a
168,IN_CAR,10,1582480079,,0,22,217417714,382661752,,1582118004,55435242412a
355,TILTING,100,1582480187,,0,22,217417660,382661879,,1582118244,55435242412a
,IN_CAR,10,1582480262,,,1532,217417058,382657082,,1582118314,55435242412a
,ON_BICYCLE,1,1582480384,,,1532,217417058,382657082,,1582118482,55435242412a
,IN_CAR,10,1582480576,,,1532,217417058,382657082,,1582118614,55435242412a
,STILL,100,1582480722,,,1532,217417058,382657082,,1582118734,55435242412a
,STILL,100,1582480857,,,1532,217417058,382657082,,1582118854,55435242412a
,STILL,100,1582480925,,,22,217417600,382661843,,1582118919,55435242412a
,STILL,100,1582481129,,,16,217417651,382662262,,1582118976,55435242412a
,TILTING,100,1582481666,,,16,217417681,382662005,,1582118995,55435242412a
,STILL,100,1582481698,,,16,217417576,382661774,,1582119100,55435242412a
,IN_CAR,1,1582482149,,,15,217417655,382661862,,1582119220,55435242412a
,ON_BICYCLE,1,1582482234,,,16,217417631,382661859,,1582119241,55435242412a
,IN_CAR,10,1582482295,,,16,217417700,382661614,,1582119260,55435242412a
,IN_CAR,10,1582482357,,,300,217419030,382658255,,1582119321,55435242412a
,IN_RAIL_VEHICLE,1,1582482418,,,15,217417637,382661851,,1582119420,55435242412a
,IN_RAIL_VEHICLE,1,1582482541,,,48,217417637,382661851,,1582119442,55435242412a
,IN_CAR,10,1582482603,,,16,217417557,382661761,,1582119567,55435242412a
,IN_CAR,10,1582482664,,,17,217417749,382661654,,1582119593,55435242412a
,UNKNOWN,1,1582482787,,,16,217417717,382661545,,1582119684,55435242412a
,STILL,100,1582482908,,,1532,217417058,382657082,,1582119814,55435242412a
,UNKNOWN,2,1582483031,,,16,217417769,382661643,,1582119855,55435242412a
,RUNNING,1,1582483155,,,16,217417769,382661643,,1582119874,55435242412a
,UNKNOWN,2,1582483237,,,16,217417769,382661643,,1582119891,55435242412a
,UNKNOWN,2,1582483298,,,64,217417578,382662223,,1582119910,55435242412a
,UNKNOWN,1,1582483375,,,17,217417525,382662182,,1582119916,55435242412a
,STILL,1,1582483451,,,17,217417525,382662182,,1582119918,55435242412a
,IN_CAR,1,1582483536,,,17,217417525,382662182,,1582119919,55435242412a
205,UNKNOWN,3,1582483613,,0,42,217417593,382662248,,1582119937,55435242412a
165,UNKNOWN,1,1582483726,,0,34,217417763,382661667,,1582119954,55435242412a
,STILL,1,1582483847,30,0,14,217396367,382715400,19,1582119974,55435242412a
36,TILTING,100,1582484073,18,12,14,217415820,382665094,219,1582119990,55435242412a
133,IN_CAR,10,1582484152,16,11,11,217409470,382670836,222,1582120005,55435242412a
331,IN_CAR,10,1582484228,15,51,11,217400600,382685815,204,1582120021,55435242412a
349,IN_BUS,1,1582484305,15,2,7,217399805,382688579,202,1582120029,55435242412a
,UNKNOWN,1,1582484387,16,0,7,217415983,382661767,-73,1582120046,55435242412a
89,IN_CAR,10,1582484480,11,0,11,217417702,382662035,9,1582120062,55435242412a
270,IN_TWO_WHEELER_VEHICLE,1,1582484542,9,0,13,217418243,382662144,18,1582120078,55435242412a
269,STILL,100,1582484603,9,0,6,217418420,382661322,20,1582120093,55435242412a
270,IN_CAR,10,1582484665,10,0,10,217417713,382660988,17,1582120108,55435242412a
,STILL,100,1582484752,11,,16,217417720,382662373,126,1582120179,55435242412a
,IN_CAR,10,1582484855,15,0,7,217414800,382659450,127,1582120304,55435242412a
48,EXITING_VEHICLE,100,1582484924,12,4,8,217415337,382660014,127,1582120306,55435242412a
,UNKNOWN,1,1582484967,12,,16,217417736,382661597,127,1582120348,55435242412a
34,IN_CAR,10,1582485028,13,2,28,217421059,382664396,127,1582120373,55435242412a
342,IN_CAR,10,1582485091,14,2,8,217422544,382658976,127,1582120390,55435242412a
265,STILL,100,1582485245,8,1,5,217418317,382662314,127,1582120404,55435242412a
301,STILL,100,1582485313,8,0,10,217418890,382662224,126,1582120421,55435242412a
278,STILL,100,1582485408,8,1,11,217417619,382661955,124,1582120437,55435242412a
90,STILL,100,1582485544,8,0,14,217417308,382661537,122,1582120452,55435242412a
86,STILL,100,1582485612,8,0,9,217417565,382661037,119,1582120467,55435242412a
202,STILL,100,1582485709,8,0,10,217417751,382660450,118,1582120483,55435242412a
127,STILL,100,1582485777,8,0,3,217417750,382660400,118,1582120499,55435242412a
178,STILL,100,1582485855,8,0,3,217417750,382660401,118,1582120514,55435242412a
123,TILTING,100,1582485988,8,0,3,217419088,382659892,113,1582120521,55435242412a
342,STILL,100,1582486071,8,0,14,217418576,382660567,113,1582120537,55435242412a
271,TILTING,100,1582486156,8,0,7,217419056,382660012,113,1582120552,55435242412a
91,IN_CAR,10,1582486224,8,0,7,217419179,382659895,113,1582120567,55435242412a
91,STILL,100,1582486297,8,0,3,217419200,382659867,113,1582120582,55435242412a
270,UNKNOWN,2,1582486427,8,0,14,217418434,382660648,113,1582120598,55435242412a
,UNKNOWN,1,1582486566,8,,22,217417655,382661889,113,1582120631,55435242412a
,STILL,100,1582486687,,,16,217417681,382661938,,1582120714,55435242412a
,STILL,100,1582486729,,,16,217417681,382661938,,1582120736,55435242412a
,STILL,100,1582486793,,,16,217417708,382661616,,1582120995,55435242412a
,IN_CAR,1,1582486880,,,16,217417708,382661616,,1582121025,55435242412a
,TILTING,100,1582487298,,,22,217417796,382661767,,1582121049,55435242412a
,STILL,100,1582487335,,,29,217417578,382662223,,1582121290,55435242412a
,STILL,100,1582487692,,,17,217417740,382661747,,1582122189,55435242412a
,TILTING,100,1582488773,,,22,217417751,382661749,,1582122231,55435242412a
,IN_CAR,10,1582489832,,,16,217417738,382661687,,1582122304,55435242412a
,ON_BICYCLE,2,1582489883,,,16,217417735,382661673,,1582122323,55435242412a
,UNKNOWN,2,1582489953,,,16,217417744,382661717,,1582122404,55435242412a
,STILL,100,1582490020,,,16,217417717,382661545,,1582122424,55435242412a
,STILL,100,1582490183,,,300,217419030,382658255,,1582122511,55435242412a
,STILL,100,1582490246,,,22,217417766,382661753,,1582122631,55435242412a
,STILL,100,1582490314,,,17,217417675,382661656,,1582123120,55435242412a
,STILL,100,1582490381,,,17,217417622,382661619,,1582123228,55435242412a
177,TILTING,100,1582490721,2,0,16,217417633,382661521,37,1582123254,55435242412a
,UNKNOWN,1,1582491112,2,,17,217417628,382661615,37,1582123295,55435242412a
,STILL,100,1582491187,,,128,217417935,382662675,,1582123340,55435242412a
,STILL,100,1582491250,,,128,217417935,382662675,,1582123550,55435242412a
,UNKNOWN,1,1582491492,,,2056,217419924,382656046,,1582123673,55435242412a
,UNKNOWN,1,1582491613,,,23,217417578,382662223,,1582136842,55435242412a
,STILL,100,1582491703,,,17,217417578,382662223,,1582136866,55435242412a
,STILL,100,1582492160,,,16,217417717,382662372,,1582136928,55435242412a
,TILTING,100,1582492360,,,16,217417697,382662330,,1582136945,55435242412a
,STILL,100,1582493008,,,16,217417708,382662324,,1582136961,55435242412a
,STILL,100,1582493397,,,17,217417877,382662596,,1582137057,55435242412a
,STILL,100,1582495727,,,26,217417578,382662223,,1582137089,55435242412a
,STILL,100,1582495958,,,16,217417644,382662297,,1582137148,55435242412a
,STILL,100,1582496085,,,16,217417578,382662223,,1582137253,55435242412a
,STILL,100,1582496661,,,16,217417578,382662223,,1582137490,55435242412a
,STILL,100,1582497594,,,17,217417578,382662223,,1582137613,55435242412a
,STILL,100,1582499936,,,16,217417578,382662223,,1582137669,55435242412a
,STILL,100,1582501785,,,16,217417578,382662223,,1582137787,55435242412a
,STILL,100,1582503581,,,16,217417680,382662301,,1582137970,55435242412a
,STILL,100,1582505389,,,35,217417578,382662223,,1582138123,55435242412a
,STILL,100,1582507198,,,35,217417578,382662223,,1582138245,55435242412a
90,STILL,100,1582508998,,0,16,217417578,382662223,,1582138607,55435242412a
,STILL,100,1582511004,,,16,217417578,382662223,,1582138979,55435242412a
,TILTING,100,1582511636,,,16,217417734,382662382,,1582139339,55435242412a
,STILL,100,1582512875,,,16,217417695,382662336,,1582139699,55435242412a
,STILL,100,1582514672,,,16,217417695,382662336,,1582140059,55435242412a
,STILL,100,1582516485,,,16,217417578,382662223,,1582140957,55435242412a
,STILL,100,1582518282,,,16,217417578,382662223,,1582141859,55435242412a
,STILL,100,1582520082,,,17,217417578,382662223,,1582142757,55435242412a
,STILL,100,1582521882,,,17,217417578,382662223,,1582143611,55435242412a
,STILL,100,1582523685,,,16,217417717,382661545,,1582143730,55435242412a
,STILL,100,1582525482,,,33,217417578,382662223,,1582143953,55435242412a
,IN_CAR,1,1582527172,,,26,217417578,382662223,,1582144294,55435242412a
,TILTING,100,1582527193,,,16,217417678,382662360,,1582144311,55435242412a
,UNKNOWN,1,1582527943,,,16,217417723,382662387,,1582144568,55435242412a
,STILL,100,1582528161,,,16,217417717,382661545,,1582145706,55435242412a
,STILL,100,1582528552,,,16,217417583,382662368,,1582145784,55435242412a
,STILL,100,1582530445,,,16,217417583,382662368,,1582145839,55435242412a
,STILL,100,1582531782,,,16,217417683,382662315,,1582146015,55435242412a
221,STILL,100,1582535135,,0,26,217417583,382662227,,1582147112,55435242412a
,TILTING,100,1582535688,,,16,217417578,382662223,,1582147142,55435242412a
,IN_CAR,10,1582536219,,,16,217417622,382662418,,1582147449,55435242412a
,UNKNOWN,1,1582536309,,,16,217417706,382662325,,1582147469,55435242412a
,STILL,100,1582536492,,,2000,217419030,382655112,,1582147535,55435242412a
,UNKNOWN,2,1582536568,,,22,217417713,382661782,,1582147573,55435242412a
,UNKNOWN,1,1582536702,,,23,217417578,382662223,,1582147648,55435242412a
,STILL,100,1582536943,,,26,217417578,382662223,,1582148546,55435242412a
,STILL,100,1582537129,,,26,217417578,382662223,,1582150348,55435242412a
,TILTING,100,1582537294,,,16,217417668,382661622,,1582150544,55435242412a
,IN_CAR,10,1582537365,,,16,217417568,382662213,,1582150574,55435242412a
,ON_BICYCLE,1,1582537477,,,16,217417525,382662255,,1582150632,55435242412a
,TILTING,100,1582537651,,,16,217417234,382662104,,1582150698,55435242412a
28,UNKNOWN,1,1582537718,,0,16,217417577,382662363,,1582150720,55435242412a
,IN_CAR,10,1582537800,,,16,217417793,382662429,,1582150838,55435242412a
,IN_TWO_WHEELER_VEHICLE,3,1582537869,,,16,217417432,382662248,,1582150878,55435242412a
,IN_CAR,10,1582537934,,,16,217417349,382662219,,1582150928,55435242412a
,UNKNOWN,1,1582537995,,,16,217417606,382662239,,1582150958,55435242412a
,UNKNOWN,1,1582538056,,,16,217417566,382662214,,1582151019,55435242412a
,UNKNOWN,2,1582538120,,,17,217417484,382662089,,1582151040,55435242412a
,STILL,1,1582538182,,,16,217417680,382662338,,1582151055,55435242412a
,IN_CAR,10,1582538244,,,16,217417717,382661545,,1582151106,55435242412a
,IN_TWO_WHEELER_VEHICLE,5,1582538312,,,22,217417828,382661884,,1582151183,55435242412a
,IN_RAIL_VEHICLE,1,1582538374,,,22,217417824,382661867,,1582151206,55435242412a
,IN_BUS,1,1582538436,,,17,217417738,382661680,,1582151233,55435242412a
,IN_CAR,10,1582538498,,,17,217417732,382661653,,1582151326,55435242412a
,IN_RAIL_VEHICLE,2,1582538561,,,16,217417717,382661545,,1582151386,55435242412a
,IN_TWO_WHEELER_VEHICLE,1,1582538623,,,17,217417697,382661784,,1582151423,55435242412a
,IN_RAIL_VEHICLE,1,1582538684,,,26,217417578,382662223,,1582151444,55435242412a
,IN_RAIL_VEHICLE,1,1582538747,,,26,217417578,382662223,,1582151667,55435242412a
,UNKNOWN,1,1582538808,,,23,217417578,382662223,,1582151860,55435242412a
,IN_CAR,10,1582540840,,,23,217417578,382662223,,1582152047,55435242412a
,TILTING,100,1582542874,,,16,217417576,382662169,,1582152346,55435242412a
,IN_CAR,10,1582542942,,,16,217417576,382662169,,1582152646,55435242412a
,IN_CAR,10,1582543045,,,23,217417578,382662223,,1582152878,55435242412a
,IN_CAR,10,1582543121,,,16,217417587,382662222,,1582153003,55435242412a
,STILL,100,1582543184,,,26,217417578,382662223,,1582153361,55435242412a
90,STILL,100,1582543306,,0,26,217417578,382662223,,1582156928,55435242412a
0,STILL,100,1582543435,18,0,8,217419433,382662217,-11,1582156955,55435242412a
0,STILL,100,1582543686,18,0,8,217419433,382662217,-11,1582160089,55435242412a
,STILL,100,1582543751,,,16,217417612,382662224,,1582160393,55435242412a
,STILL,100,1582543929,,,16,217417612,382662224,,1582166788,55435242412a
,STILL,100,1582544060,,,16,217417574,382662180,,1582167089,55435242412a
,IN_CAR,10,1582544192,,,16,217417729,382661956,,1582180349,55435242412a
,IN_CAR,10,1582544288,,,16,217417679,382661944,,1582180396,55435242412a
,STILL,100,1582544354,,,16,217417679,382661944,,1582180442,55435242412a
,STILL,100,1582544539,,,16,217417679,382661944,,1582180534,55435242412a
,STILL,100,1582544665,,,16,217417679,382661944,,1582180624,55435242412a
,STILL,100,1582544967,,,16,217417679,382661944,,1582180660,55435242412a
,STILL,100,1582545900,,,16,217417765,382662024,,1582180720,55435242412a
,STILL,100,1582546017,,,16,217417765,382662024,,1582180750,55435242412a
,STILL,100,1582546147,,,16,217417765,382662024,,1582180819,55435242412a
,STILL,100,1582546215,,,16,217417765,382662024,,1582180840,55435242412a
,STILL,100,1582546445,,,16,217417765,382662024,,1582180932,55435242412a
,UNKNOWN,1,1582547714,,,16,217417765,382662024,,1582181026,55435242412a
,STILL,100,1582547787,,,16,217417717,382661545,,1582181070,55435242412a
,STILL,100,1582549444,,,16,217417717,382661545,,1582181160,55435242412a
,TILTING,100,1582549623,,,16,217417717,382661545,,1582181206,55435242412a
,IN_CAR,10,1582551432,,,23,217417578,382662223,,1582181268,55435242412a
,IN_CAR,10,1582551509,,,2400,217560629,382681071,,1582181388,55435242412a
,IN_CAR,10,1582551584,,,26,217417578,382662223,,1582181448,55435242412a
,STILL,100,1582551740,,,16,217417717,382661545,,1582181514,55435242412a
,IN_CAR,10,1582551826,,,26,217417578,382662223,,1582181573,55435242412a
,TILTING,100,1582552039,,,26,217417578,382662223,,1582181641,55435242412a
,IN_CAR,10,1582552221,,,26,217417578,382662223,,1582181699,55435242412a
,UNKNOWN,1,1582552303,,,15,217417645,382661884,,1582181761,55435242412a
,IN_CAR,10,1582552387,,,16,217417717,382661545,,1582181822,55435242412a
,UNKNOWN,1,1582552448,,,16,217417592,382662215,,1582181942,55435242412a
,IN_CAR,10,1582552510,,,29,217417578,382662223,,1582182062,55435242412a
,UNKNOWN,1,1582552572,,,31,217417578,382662223,,1582182251,55435242412a
,UNKNOWN,2,1582552633,,,22,217417692,382661945,,1582182372,55435242412a
,UNKNOWN,1,1582552707,,,16,217417648,382662312,,1582182732,55435242412a
,IN_CAR,10,1582552783,,,16,217417648,382662312,,1582183094,55435242412a
,TILTING,100,1582552902,,,23,217417578,382662223,,1582183452,55435242412a
,UNKNOWN,2,1582617954,,,23,217417578,382662223,,1582183814,55435242412a
,IN_CAR,10,1582618025,,,16,217417648,382661897,,1582184175,55435242412a
,UNKNOWN,1,1582618159,,,22,217417579,382661810,,1582184533,55435242412a
,IN_CAR,10,1582618330,,,22,217417579,382661810,,1582184903,55435242412a
,IN_TWO_WHEELER_VEHICLE,1,1582618407,,,16,217417650,382661885,,1582185016,55435242412a
,IN_CAR,10,1582618495,,,16,217417717,382661545,,1582187188,55435242412a
,STILL,1,1582618569,,,16,217417772,382661675,,1582187221,55435242412a
,IN_CAR,10,1582618662,,,22,217417786,382661742,,1582187270,55435242412a
,IN_CAR,10,1582618726,,,22,217417798,382661789,,1582187408,55435242412a
,IN_CAR,10,1582618787,,,23,217417821,382661891,,1582187511,55435242412a
,UNKNOWN,2,1582618849,2,,31,217417717,382661545,37,1582187651,55435242412a
,IN_CAR,10,1582618910,2,,16,217417724,382661620,37,1582187893,55435242412a
,TILTING,100,1582618985,,,16,217417764,382661598,,1582188013,55435242412a
,RUNNING,1,1582619007,,,15,217417639,382661492,,1582188136,55435242412a
,UNKNOWN,1,1582619030,2,,42,217417273,382662534,34,1582188256,55435242412a
,EXITING_VEHICLE,100,1582619083,,,122,217408823,382662895,,1582188379,55435242412a
,IN_CAR,1,1582619281,,,122,217408823,382662895,,1582188624,55435242412a
,UNKNOWN,3,1582619369,,,1899,217422756,382657532,,1582188735,55435242412a
,IN_RAIL_VEHICLE,1,1582619523,,,1899,217422756,382657532,,1582188824,55435242412a
,STILL,100,1582619610,,,1899,217422756,382657532,,1582188912,55435242412a
,UNKNOWN,2,1582619763,,,1899,217422756,382657532,,1582189001,55435242412a
,STILL,100,1582619851,,,1899,217422756,382657532,,1582189122,55435242412a
,UNKNOWN,3,1582619918,,,1600,217437661,382563490,,1582189244,55435242412a
,UNKNOWN,2,1582620126,,,1600,217437661,382563490,,1582189364,55435242412a
,IN_CAR,10,1582620213,,,1600,217437661,382563490,,1582189486,55435242412a
,STILL,1,1582620374,,,1600,217437661,382563490,,1582189607,55435242412a
,UNKNOWN,2,1582620458,,,1600,217437661,382563490,,1582189728,55435242412a
,RUNNING,1,1582620612,,,1600,217437661,382563490,,1582189848,55435242412a
,UNKNOWN,3,1582620707,,,1600,217437661,382563490,,1582189969,55435242412a
,IN_CAR,10,1582620830,,,1600,217437661,382563490,,1582190089,55435242412a
,IN_CAR,10,1582620978,,,1600,217437661,382563490,,1582190210,55435242412a
,IN_CAR,1,1582621131,,,1600,217437661,382563490,,1582190331,55435242412a
,IN_CAR,10,1582621220,,,1600,217437661,382563490,,1582190452,55435242412a
,IN_CAR,10,1582621373,,,1600,217437661,382563490,,1582190590,55435242412a
,UNKNOWN,3,1582621462,,,1600,217437661,382563490,,1582190711,55435242412a
,WALKING,1,1582621530,,,1600,217437661,382563490,,1582190833,55435242412a
,RUNNING,1,1582621651,,,1600,217437661,382563490,,1582190954,55435242412a
,UNKNOWN,1,1582621787,,,44,217401589,382591715,,1582191196,55435242412a
,IN_CAR,1,1582621852,,,30,217421623,382618355,,1582191216,55435242412a
,STILL,100,1582622006,2,,17,217428168,382616845,39,1582191262,55435242412a
,UNKNOWN,1,1582622067,,,1799,217467472,382608000,,1582191390,55435242412a
,IN_CAR,10,1582622113,,,1799,217467472,382608000,,1582191522,55435242412a
,IN_CAR,10,1582622188,,,1799,217467472,382608000,,1582191593,55435242412a
,UNKNOWN,2,1582622249,,,1799,217467472,382608000,,1582191665,55435242412a
,IN_CAR,10,1582622310,,,116,217427665,382621323,,1582191737,55435242412a
,IN_CAR,10,1582622373,,,116,217427665,382621323,,1582191813,55435242412a
,STILL,100,1582622449,,,1799,217467472,382608000,,1582191903,55435242412a
,UNKNOWN,1,1582622526,,,2000,217419030,382655112,,1582191972,55435242412a
,STILL,100,1582622594,,,2000,217419030,382655112,,1582192041,55435242412a
,RUNNING,1,1582622674,,,2000,217419030,382655112,,1582192128,55435242412a
,IN_CAR,10,1582622750,,,2000,217419030,382655112,,1582192214,55435242412a
,IN_CAR,10,1582622836,,,2000,217419030,382655112,,1582192304,55435242412a
,UNKNOWN,2,1582622876,,,2000,217419030,382655112,,1582192392,55435242412a
,TILTING,100,1582622950,,,2000,217419030,382655112,,1582192479,55435242412a
,IN_CAR,10,1582623033,,,2000,217419030,382655112,,1582192567,55435242412a
,IN_CAR,10,1582623111,,,2000,217419030,382655112,,1582192652,55435242412a
,IN_RAIL_VEHICLE,1,1582623188,,,17,217417691,382661754,,1582192697,55435242412a
,IN_CAR,10,1582623270,,,16,217417724,382661601,,1582192735,55435242412a
,STILL,100,1582623392,,,16,217417724,382661601,,1582192909,55435242412a
,IN_CAR,10,1582623514,,,22,217417737,382661679,,1582193007,55435242412a
,IN_CAR,10,1582623575,,,39,217417578,382662223,,1582193524,55435242412a
,STILL,100,1582623637,,,52,217417578,382662223,,1582193826,55435242412a
,IN_RAIL_VEHICLE,1,1582623698,,,52,217417578,382662223,,1582194009,55435242412a
,WALKING,1,1582623881,,,16,217418015,382662801,,1582194127,55435242412a
,IN_CAR,10,1582624005,,,16,217418015,382662801,,1582194360,55435242412a
,UNKNOWN,2,1582624066,,,17,217417812,382662173,,1582194435,55435242412a
,TILTING,100,1582624152,,,2000,217419030,382655112,,1582194500,55435242412a
,IN_CAR,10,1582624175,,,23,217417924,382662162,,1582194702,55435242412a
,STILL,100,1582624253,,,29,217417578,382662223,,1582194744,55435242412a
,ON_BICYCLE,1,1582624399,,,23,217417765,382662085,,1582194784,55435242412a
,STILL,100,1582624476,,,24,217417836,382662020,,1582194944,55435242412a
,STILL,100,1582624611,,,22,217417581,382661823,,1582195000,55435242412a
,STILL,100,1582624679,,,16,217417563,382661791,,1582196820,55435242412a
,STILL,100,1582624747,,,16,217417563,382661791,,1582198621,55435242412a
,UNKNOWN,2,1582624897,,,17,217417605,382661875,,1582200051,55435242412a
,STILL,100,1582625001,,,2000,217419030,382655112,,1582200061,55435242412a
,STILL,100,1582625105,,,2000,217419030,382655112,,1582200208,55435242412a
,STILL,100,1582625209,,,22,217417766,382661735,,1582200299,55435242412a
,IN_CAR,10,1582625313,,,22,217417758,382661704,,1582200412,55435242412a
,STILL,100,1582625398,,,16,217417720,382661601,,1582200651,55435242412a
,STILL,100,1582625459,,,16,217417688,382661590,,1582200670,55435242412a
,UNKNOWN,1,1582625521,,,2000,217419030,382655112,,1582200789,55435242412a
,UNKNOWN,2,1582625603,,,17,217417598,382661520,,1582200909,55435242412a
,IN_CAR,10,1582625694,,,16,217417740,382661631,,1582201033,55435242412a
,UNKNOWN,1,1582625786,,,1500,217415303,382652691,,1582201152,55435242412a
,STILL,100,1582625847,,,23,217417257,382661592,,1582201296,55435242412a
,STILL,100,1582625910,,,2000,217419030,382655112,,1582201342,55435242412a
,STILL,100,1582625978,,,23,217417709,382661750,,1582201464,55435242412a
,STILL,100,1582626046,2,,16,217417646,382661604,37,1582201561,55435242412a
,UNKNOWN,1,1582626114,2,,16,217417646,382661604,37,1582201707,55435242412a
,STILL,100,1582626212,,,15,217417640,382661506,,1582201883,55435242412a
,STILL,100,1582626280,2,,17,217421644,382660756,35,1582202010,55435242412a
,STILL,100,1582626349,,,17,217415156,382662146,,1582202132,55435242412a
,STILL,100,1582626514,,,16,217413517,382661755,,1582202252,55435242412a
,STILL,100,1582626622,,,2000,217419030,382655112,,1582202494,55435242412a
,ON_BICYCLE,1,1582626815,,,2000,217419030,382655112,,1582202616,55435242412a
,WALKING,1,1582626891,,,2000,217419030,382655112,,1582202738,55435242412a
,IN_CAR,10,1582626948,,,2000,217419030,382655112,,1582202859,55435242412a
,IN_CAR,1,1582627009,,,2200,217359409,382522077,,1582202980,55435242412a
,STILL,1,1582627070,,,2200,217359409,382522077,,1582203059,55435242412a
,STILL,1,1582627131,,,2200,217359409,382522077,,1582203132,55435242412a
,RUNNING,1,1582627193,,,2200,217359409,382522077,,1582203205,55435242412a
,UNKNOWN,2,1582627255,,,2200,217359409,382522077,,1582203279,55435242412a
,RUNNING,1,1582627316,,,2200,217359409,382522077,,1582203361,55435242412a
,IN_CAR,1,1582627377,,,2200,217359409,382522077,,1582203446,55435242412a
,UNKNOWN,2,1582627438,,,2200,217359409,382522077,,1582203564,55435242412a
,STILL,1,1582627499,,,2200,217359409,382522077,,1582203748,55435242412a
,STILL,100,1582627563,,,2200,217359409,382522077,,1582203890,55435242412a
,STILL,100,1582627626,,,2200,217359409,382522077,,1582204027,55435242412a
,UNKNOWN,2,1582627688,,,2200,217359409,382522077,,1582204048,55435242412a
,IN_CAR,10,1582627770,,,2200,217359409,382522077,,1582204348,55435242412a
,IN_CAR,10,1582627832,,,2200,217359409,382522077,,1582204722,55435242412a
,IN_CAR,10,1582627893,,,2200,217359409,382522077,,1582205084,55435242412a
,IN_CAR,10,1582627954,,,2200,217359409,382522077,,1582205454,55435242412a
,IN_CAR,10,1582628018,,,2200,217359409,382522077,,1582205691,55435242412a
,IN_BUS,1,1582628082,,,2200,217359409,382522077,,1582205818,55435242412a
,IN_CAR,10,1582628176,,,2200,217359409,382522077,,1582206165,55435242412a
,UNKNOWN,1,1582628237,2,,16,217396189,382635443,31,1582206183,55435242412a
,IN_CAR,10,1582628298,2,,16,217396189,382635443,31,1582206250,55435242412a
28,IN_RAIL_VEHICLE,2,1582628360,2,0,35,217396844,382636376,31,1582206330,55435242412a
28,UNKNOWN,2,1582628423,2,0,35,217396844,382636376,31,1582206404,55435242412a
,STILL,100,1582628513,2,,31,217396872,382636416,31,1582206511,55435242412a
,IN_CAR,10,1582628582,,,3599,217411577,382643985,,1582206639,55435242412a
,IN_CAR,10,1582628649,,,3599,217411577,382643985,,1582206704,55435242412a
,STILL,100,1582628709,,,3599,217411577,382643985,,1582206767,55435242412a
,STILL,100,1582628778,,,3599,217411577,382643985,,1582206829,55435242412a
,STILL,100,1582628875,,,3599,217411577,382643985,,1582206895,55435242412a
,STILL,100,1582628997,,,3599,217411577,382643985,,1582206957,55435242412a
,STILL,100,1582629124,,,3599,217411577,382643985,,1582207019,55435242412a
,STILL,100,1582629251,,,3599,217411577,382643985,,1582207081,55435242412a
,STILL,100,1582629441,,,3599,217411577,382643985,,1582207143,55435242412a
,STILL,100,1582629514,,,3599,217411577,382643985,,1582207205,55435242412a
,STILL,100,1582629755,,,3599,217411577,382643985,,1582207268,55435242412a
,STILL,100,1582630175,,,3599,217411577,382643985,,1582207331,55435242412a
,TILTING,100,1582630708,,,3599,217411577,382643985,,1582207398,55435242412a
,IN_CAR,10,1582631641,,,3599,217411577,382643985,,1582207466,55435242412a
,IN_CAR,10,1582631718,,,3599,217411577,382643985,,1582207535,55435242412a
,IN_CAR,10,1582631960,,,3599,217411577,382643985,,1582207626,55435242412a
,WALKING,1,1582632123,2,,22,217417814,382661798,37,1582207656,55435242412a
,IN_CAR,10,1582632210,,,16,217417756,382661693,,1582207734,55435242412a
,IN_CAR,10,1582632272,,,16,217417756,382661693,,1582207815,55435242412a
,UNKNOWN,1,1582632332,2,,17,217417713,382661626,37,1582207932,55435242412a
,UNKNOWN,2,1582632393,2,,17,217417713,382661626,37,1582208113,55435242412a
,UNKNOWN,1,1582632454,2,,17,217417713,382661626,37,1582208229,55435242412a
,IN_CAR,10,1582632515,,,17,217417734,382661655,,1582208256,55435242412a
,IN_CAR,10,1582632576,,,17,217417734,382661655,,1582208314,55435242412a
,UNKNOWN,1,1582632637,,,22,217417764,382661688,,1582208340,55435242412a
,UNKNOWN,1,1582632699,,,16,217417766,382662387,,1582208400,55435242412a
,IN_CAR,10,1582632760,,,2000,217419030,382655112,,1582208466,55435242412a
,EXITING_VEHICLE,100,1582632838,,,2000,217419030,382655112,,1582208586,55435242412a
,UNKNOWN,1,1582632919,,,2000,217419030,382655112,,1582208707,55435242412a
,IN_CAR,1,1582632987,,,2000,217419030,382655112,,1582208827,55435242412a
,IN_CAR,1,1582633143,,,17,217417701,382661743,,1582208848,55435242412a
,IN_CAR,10,1582633228,,,2000,217419030,382655112,,1582208948,55435242412a
,IN_BUS,1,1582634219,,,17,217417800,382662542,,1582209028,55435242412a
,UNKNOWN,1,1582634395,,,77,217417800,382662542,,1582209068,55435242412a
,IN_CAR,10,1582634425,,,24,217417860,382661880,,1582209149,55435242412a
,STILL,100,1582634452,,,83,217417860,382661880,,1582209189,55435242412a
,IN_CAR,10,1582634615,,,16,217417646,382662296,,1582209310,55435242412a
,IN_CAR,10,1582634766,,,2000,217419030,382655112,,1582209432,55435242412a
,EXITING_VEHICLE,100,1582634834,,,26,217417578,382662223,,1582209562,55435242412a
,STILL,1,1582634898,,,26,217417578,382662223,,1582210083,55435242412a
,IN_CAR,10,1582635022,,,35,217417578,382662223,,1582210471,55435242412a
,IN_CAR,10,1582635173,,,68,217417716,382661612,,1582210508,55435242412a
,STILL,100,1582635267,,,23,217417729,382661646,,1582210628,55435242412a
,IN_CAR,10,1582635423,,,122,217418146,382662604,,1582210749,55435242412a
,TILTING,100,1582635562,,,2000,217419030,382655112,,1582210870,55435242412a
,TILTING,100,1582635685,,,2000,217419030,382655112,,1582217688,55435242412a
,IN_CAR,10,1582635783,,,2000,217419030,382655112,,1582217703,55435242412a
,RUNNING,1,1582635881,,,2000,217419030,382655112,,1582217991,55435242412a
,UNKNOWN,2,1582636004,,,2000,217419030,382655112,,1582218309,55435242412a
,UNKNOWN,1,1582636122,,,2000,217419030,382655112,,1582219177,55435242412a
,RUNNING,1,1582636193,,,24,217417801,382661880,,1582219210,55435242412a
,UNKNOWN,1,1582636365,,,24,217417801,382661880,,1582219328,55435242412a
,UNKNOWN,1,1582636443,,,16,217417626,382661530,,1582219351,55435242412a
,IN_CAR,10,1582636516,,,16,217417626,382661530,,1582219418,55435242412a
,TILTING,100,1582636571,,,16,217417626,382661530,,1582219508,55435242412a
,IN_CAR,10,1582636593,,,16,217417626,382661530,,1582219598,55435242412a
,IN_CAR,10,1582636650,,,16,217417626,382661530,,1582219696,55435242412a
,IN_CAR,10,1582636711,,,16,217417744,382661594,,1582219722,55435242412a
,IN_CAR,10,1582636772,,,16,217417744,382661594,,1582219786,55435242412a
,IN_CAR,1,1582636834,,,16,217417657,382661574,,1582219803,55435242412a
,IN_CAR,10,1582636896,,,23,217417702,382661657,,1582219867,55435242412a
,IN_RAIL_VEHICLE,1,1582636961,,,17,217417748,382661705,,1582219885,55435242412a
,IN_CAR,10,1582637043,,,23,217417782,382661778,,1582220017,55435242412a
,IN_CAR,1,1582637122,,,17,217417700,382661650,,1582220116,55435242412a
,STILL,100,1582637187,,,16,217417719,382661591,,1582220209,55435242412a
,UNKNOWN,1,1582637258,,,2000,217419030,382655112,,1582220335,55435242412a
,UNKNOWN,1,1582637322,,,17,217417710,382661639,,1582220456,55435242412a
,TILTING,100,1582637415,,,2000,217419030,382655112,,1582220577,55435242412a
352,IN_CAR,10,1582637488,2,0,1011,217417863,382661745,37,1582220578,55435242412a
,IN_CAR,10,1582637609,,,17,217417632,382661612,,1582220933,55435242412a
172,IN_CAR,10,1582637763,,0,23,217417770,382661775,,1582221039,55435242412a
,IN_CAR,10,1582637851,,,22,217417737,382661737,,1582221137,55435242412a
,IN_CAR,10,1582638007,,,122,217419274,382663938,,1582221238,55435242412a
,IN_RAIL_VEHICLE,1,1582638166,,,122,217419274,382663938,,1582221338,55435242412a
,IN_CAR,10,1582638242,,,17,217417578,382662223,,1582221638,55435242412a
,IN_BUS,2,1582638319,,,17,217417578,382662223,,1582223520,55435242412a
,IN_BUS,1,1582638397,,,16,217417693,382662355,,1582223590,55435242412a
183,UNKNOWN,1,1582638471,,0,16,217417664,382661954,,1582223744,55435242412a
,UNKNOWN,1,1582638539,,,16,217417718,382662439,,1582224129,55435242412a
,IN_CAR,10,1582638600,,,16,217417718,382662439,,1582224489,55435242412a
,IN_CAR,10,1582638661,,,16,217417743,382662522,,1582225535,55435242412a
,IN_CAR,10,1582638723,,,28,217417578,382662223,,1582225931,55435242412a
,IN_CAR,10,1582638786,,,26,217417578,382662223,,1582226471,55435242412a
,EXITING_VEHICLE,100,1582638895,,,16,217417687,382662326,,1582227390,55435242412a
,IN_RAIL_VEHICLE,1,1582656989,,,16,217417687,382662326,,1582227422,55435242412a
,TILTING,100,1582657043,,,16,217417664,382662288,,1582227870,55435242412a
,IN_CAR,10,1582657071,,,16,217417664,382662288,,1582229822,55435242412a
,RUNNING,1,1582657139,,,29,217417556,382661865,,1582229852,55435242412a
,IN_CAR,10,1582657215,,,29,217417556,382661865,,1582230216,55435242412a
180,IN_BUS,1,1582657358,29,0,14,217416702,382660420,-9,1582232784,55435242412a
316,IN_CAR,10,1582657463,,0,19,217417638,382661862,,1582232885,55435242412a
316,UNKNOWN,1,1582657524,,0,19,217417638,382661862,,1582232941,55435242412a
,TILTING,100,1582657562,,,17,217417650,382661907,,1582233153,55435242412a
,IN_CAR,1,1582657586,,,15,217417635,382661917,,1582233580,55435242412a
,UNKNOWN,1,1582657665,,,15,217417635,382661917,,1582233665,55435242412a
,UNKNOWN,2,1582657780,,,15,217417650,382661913,,1582234081,55435242412a
,STILL,100,1582657855,,,17,217417595,382661887,,1582234585,55435242412a
,STILL,100,1582657923,,,17,217417689,382661752,,1582236421,55435242412a
,IN_CAR,2,1582657990,,,17,217417689,382661752,,1582236443,55435242412a
,ON_BICYCLE,1,1582658081,,,15,217417733,382661963,,1582236535,55435242412a
,IN_CAR,10,1582658150,,,15,217417733,382661963,,1582236625,55435242412a
,IN_CAR,1,1582658231,,,15,217417733,382661963,,1582236715,55435242412a
,IN_CAR,1,1582658293,,,15,217417668,382661955,,1582236783,55435242412a
,STILL,100,1582658382,,,15,217417668,382661955,,1582237200,55435242412a
,IN_BUS,1,1582658471,,,116,217418510,382664835,,1582237323,55435242412a
,UNKNOWN,1,1582658619,,,22,217417747,382661737,,1582237350,55435242412a
,IN_CAR,10,1582658675,,,23,217417768,382662005,,1582237411,55435242412a
,IN_RAIL_VEHICLE,3,1582658701,,,16,217417658,382661969,,1582237464,55435242412a
,IN_CAR,10,1582658829,,,23,217417765,382661762,,1582237490,55435242412a
,TILTING,100,1582658948,,,23,217417748,382661802,,1582237511,55435242412a
,STILL,100,1582659038,,,2000,217419030,382655112,,1582237542,55435242412a
,STILL,100,1582659157,,,22,217417693,382661730,,1582237663,55435242412a
,STILL,100,1582659266,,,2000,217419030,382655112,,1582286042,55435242412a
,STILL,100,1582659335,,,2000,217419030,382655112,,1582286130,55435242412a
,STILL,100,1582659433,,,16,217417660,382661523,,1582286215,55435242412a
,STILL,100,1582659501,,,2000,217419030,382655112,,1582286400,55435242412a
330,STILL,100,1582659605,19,2,9,217388867,382588400,4,1582288222,55435242412a
,STILL,100,1582659906,,,2000,217419030,382655112,,1582290993,55435242412a
,TILTING,100,1582660054,,,2000,217419030,382655112,,1582291114,55435242412a
,IN_CAR,10,1582660182,,,2000,217419030,382655112,,1582291236,55435242412a
,TILTING,100,1582660205,,,2000,217419030,382655112,,1582291372,55435242412a
,STILL,100,1582660274,,,2000,217419030,382655112,,1582291537,55435242412a
,STILL,100,1582660353,,,2000,217419030,382655112,,1582291861,55435242412a
,UNKNOWN,1,1582660415,,,2000,217419030,382655112,,1582291920,55435242412a
,IN_CAR,10,1582660480,,,2000,217419030,382655112,,1582292223,55435242412a
,UNKNOWN,1,1582660550,,,2000,217419030,382655112,,1582292397,55435242412a
,IN_RAIL_VEHICLE,1,1582660703,,,16,217417524,382661995,,1582292450,55435242412a
,UNKNOWN,1,1582660770,,,16,217417524,382661995,,1582292508,55435242412a
,STILL,100,1582660838,,,16,217417524,382661995,,1582292526,55435242412a
,STILL,100,1582660960,,,16,217417616,382662260,,1582293488,55435242412a
,UNKNOWN,1,1582661028,,,16,217417770,382662478,,1582294398,55435242412a
,STILL,100,1582661091,,,16,217417717,382661545,,1582296025,55435242412a
,STILL,100,1582661236,2,,16,217319513,382453273,32,1582386555,55435242412a
,UNKNOWN,2,1582735728,2,,16,217319372,382453257,32,1582386636,55435242412a
,UNKNOWN,3,1582735811,2,,16,217319851,382453457,32,1582386655,55435242412a
,UNKNOWN,2,1582735873,5,,17,217319892,382453331,32,1582386709,55435242412a
275,UNKNOWN,2,1582735941,2,0,17,217319411,382453257,32,1582386729,55435242412a
,UNKNOWN,2,1582736002,2,,108,217319375,382453259,32,1582386790,55435242412a
,UNKNOWN,2,1582736063,,,1600,217344504,382440082,,1582386856,55435242412a
,UNKNOWN,3,1582736124,,,1600,217344504,382440082,,1582386977,55435242412a
,RUNNING,1,1582736185,,,1600,217344504,382440082,,1582387098,55435242412a
,UNKNOWN,1,1582736246,,,1600,217344504,382440082,,1582387219,55435242412a
,IN_CAR,10,1582737466,2,,16,217319504,382453341,32,1582387312,55435242412a
,ON_BICYCLE,1,1582738971,2,,16,217319586,382453285,32,1582387936,55435242412a
,UNKNOWN,3,1582739893,2,,16,217319586,382453285,32,1582388028,55435242412a
,UNKNOWN,3,1582740617,2,,16,217319583,382453282,32,1582388117,55435242412a
,STILL,100,1582740862,2,,16,217319583,382453282,32,1582388133,55435242412a
,STILL,100,1582740983,2,,16,217319583,382453282,32,1582388183,55435242412a
,IN_CAR,10,1582741097,2,,16,217319583,382453282,32,1582388243,55435242412a
,STILL,100,1582741160,2,,64,217320849,382454281,31,1582388634,55435242412a
229,STILL,100,1582741228,2,0,40,217319486,382453364,33,1582388708,55435242412a
,STILL,100,1582741348,2,,16,217319439,382453118,33,1582388720,55435242412a
,STILL,100,1582741469,2,,16,217319439,382453118,33,1582388794,55435242412a
,STILL,100,1582741590,2,,16,217319514,382453271,32,1582388870,55435242412a
,STILL,100,1582741946,2,,16,217319514,382453271,32,1582389358,55435242412a
,STILL,100,1582742131,2,,52,217319353,382453137,32,1582391161,55435242412a
,STILL,100,1582742248,,,1600,217344504,382440082,,1582391388,55435242412a
,STILL,100,1582742637,2,,35,217319397,382453187,33,1582391409,55435242412a
,IN_CAR,1,1582742821,2,,16,217319851,382453458,32,1582391713,55435242412a
,STILL,100,1582742989,5,,16,217319540,382453327,32,1582391730,55435242412a
230,STILL,100,1582743053,5,0,16,217319505,382453304,32,1582391746,55435242412a
,STILL,100,1582743282,2,,17,217319389,382453189,32,1582391770,55435242412a
281,UNKNOWN,1,1582806050,2,0,16,217319509,382453339,32,1582391790,55435242412a
,IN_CAR,1,1582806199,2,,17,217319429,382453322,32,1582391825,55435242412a
246,STILL,100,1582806334,2,0,16,217319491,382453136,32,1582391847,55435242412a
,STILL,100,1582806402,2,,23,217319981,382453433,32,1582391878,55435242412a
,STILL,100,1582806469,2,,60,217319353,382453137,32,1582391908,55435242412a
,STILL,100,1582806536,2,,16,217320067,382453816,32,1582392113,55435242412a
,STILL,100,1582807147,2,,16,217320027,382453568,33,1582392232,55435242412a
,TILTING,100,1582807443,2,,17,217319764,382453540,33,1582392354,55435242412a
,STILL,100,1582808092,2,,22,217320904,382453783,31,1582392418,55435242412a
,STILL,100,1582808333,2,,16,217324006,382457292,32,1582392495,55435242412a
,STILL,100,1582809002,,,2400,217340777,382459668,,1582392722,55435242412a
,STILL,100,1582810146,,,2400,217340777,382459668,,1582392795,55435242412a
,UNKNOWN,2,1582811023,,,2400,217340777,382459668,,1582392871,55435242412a
,STILL,100,1582811090,,,2400,217340777,382459668,,1582392948,55435242412a
,STILL,100,1582811159,,,2400,217340777,382459668,,1582393020,55435242412a
,IN_CAR,1,1582811277,,,2400,217340777,382459668,,1582393091,55435242412a
,TILTING,100,1582811762,,,2400,217340777,382459668,,1582393164,55435242412a
,STILL,100,1582812033,,,2400,217340777,382459668,,1582393235,55435242412a
,UNKNOWN,1,1582812233,,,2400,217340777,382459668,,1582393306,55435242412a
,STILL,100,1582812295,,,2400,217340777,382459668,,1582393379,55435242412a
,STILL,100,1582812426,,,2400,217340777,382459668,,1582393477,55435242412a
,STILL,100,1582813146,,,2400,217340777,382459668,,1582393560,55435242412a
,STILL,100,1582814346,,,2400,217340777,382459668,,1582393631,55435242412a
,IN_CAR,10,1582814984,,,2400,217340777,382459668,,1582393679,55435242412a
,STILL,100,1582815060,,,2400,217340777,382459668,,1582393753,55435242412a
,STILL,100,1582815207,,,2400,217340777,382459668,,1582393832,55435242412a
,IN_CAR,10,1582815349,,,2400,217340777,382459668,,1582393906,55435242412a
,IN_CAR,10,1582815514,,,2400,217340777,382459668,,1582393979,55435242412a
,IN_CAR,10,1582815666,,,2400,217340777,382459668,,1582394089,55435242412a
,IN_CAR,10,1582815755,,,2400,217340777,382459668,,1582394178,55435242412a
,TILTING,100,1582815886,,,2400,217340777,382459668,,1582394260,55435242412a
,IN_CAR,10,1582816460,,,2400,217340777,382459668,,1582394330,55435242412a
,IN_CAR,10,1582816536,,,2400,217340777,382459668,,1582394401,55435242412a
,IN_CAR,10,1582816612,,,2400,217340777,382459668,,1582394472,55435242412a
,STILL,100,1582816934,,,2400,217340777,382459668,,1582394545,55435242412a
,UNKNOWN,1,1582878155,,,2400,217340777,382459668,,1582394636,55435242412a
,STILL,100,1582878229,,,2400,217340777,382459668,,1582394706,55435242412a
,STILL,100,1582878657,,,2400,217340777,382459668,,1582394778,55435242412a
,TILTING,100,1582878764,,,1600,217348230,382455080,,1582394886,55435242412a
,STILL,100,1582879166,,,1600,217348230,382455080,,1582394956,55435242412a
,STILL,100,1582879274,,,1600,217348230,382455080,,1582395042,55435242412a
,UNKNOWN,1,1582879403,,,1600,217348230,382455080,,1582395131,55435242412a
,IN_CAR,10,1582880133,,,1600,217348230,382455080,,1582395219,55435242412a
,IN_CAR,10,1582880344,,,1600,217348230,382455080,,1582395315,55435242412a
,UNKNOWN,1,1582880420,,,1600,217348230,382455080,,1582395401,55435242412a
,STILL,100,1582880493,,,1600,217348230,382455080,,1582395487,55435242412a
,TILTING,100,1582880657,,,1600,217348230,382455080,,1582395581,55435242412a
,IN_CAR,10,1582880678,,,1600,217348230,382455080,,1582395670,55435242412a
,IN_CAR,10,1582880887,,,1600,217348230,382455080,,1582395757,55435242412a
,TILTING,100,1582881032,,,1600,217348230,382455080,,1582395850,55435242412a
,STILL,1,1582881129,,,1600,217348230,382455080,,1582395943,55435242412a
,UNKNOWN,1,1582881205,,,1600,217348230,382455080,,1582396030,55435242412a
,IN_CAR,10,1582881277,,,1600,217348230,382455080,,1582396116,55435242412a
,IN_CAR,10,1582881353,,,1600,217348230,382455080,,1582396212,55435242412a
,IN_BUS,1,1582881433,,,1600,217348230,382455080,,1582396299,55435242412a
,IN_CAR,10,1582881509,,,1600,217348230,382455080,,1582396385,55435242412a
,IN_CAR,10,1582881662,,,1600,217348230,382455080,,1582396475,55435242412a
,STILL,100,1582881738,,,1600,217348230,382455080,,1582396567,55435242412a
,STILL,100,1582881824,,,1600,217348230,382455080,,1582396653,55435242412a
,STILL,100,1582881986,,,1600,217348230,382455080,,1582396740,55435242412a
,STILL,100,1582882140,,,1600,217348230,382455080,,1582396827,55435242412a
,STILL,100,1582882207,,,1600,217348230,382455080,,1582396870,55435242412a
,STILL,100,1582882273,,,1600,217348230,382455080,,1582396901,55435242412a
,STILL,100,1582882340,,,1600,217348230,382455080,,1582396931,55435242412a
,IN_CAR,10,1582882437,,,1600,217348230,382455080,,1582396961,55435242412a
,TILTING,100,1582882494,,,1600,217348230,382455080,,1582396991,55435242412a
,STILL,100,1582882564,,,1600,217348230,382455080,,1582397023,55435242412a
,UNKNOWN,1,1582882636,,,1600,217348230,382455080,,1582397053,55435242412a
,UNKNOWN,2,1582882791,,,1600,217348230,382455080,,1582397083,55435242412a
,IN_CAR,10,1582882817,,,1600,217348230,382455080,,1582397115,55435242412a
,IN_CAR,10,1582882983,,,1600,217348230,382455080,,1582397145,55435242412a
,TILTING,100,1582883035,,,1600,217348230,382455080,,1582397209,55435242412a
,IN_CAR,10,1582883059,,,1600,217348230,382455080,,1582397270,55435242412a
,EXITING_VEHICLE,100,1582883153,,,1600,217348230,382455080,,1582397331,55435242412a
,UNKNOWN,1,1582883231,,,1600,217348230,382455080,,1582397393,55435242412a
,UNKNOWN,3,1582883299,,,1600,217348230,382455080,,1582397455,55435242412a
,IN_CAR,10,1582883472,,,1600,217348230,382455080,,1582397515,55435242412a
,IN_CAR,10,1582883548,,,1600,217348230,382455080,,1582397575,55435242412a
,UNKNOWN,3,1582883748,,,1600,217348230,382455080,,1582397636,55435242412a
,RUNNING,1,1582883834,,,1600,217348230,382455080,,1582397698,55435242412a
,UNKNOWN,1,1582883955,,,1600,217348230,382455080,,1582397760,55435242412a
,RUNNING,1,1582884076,,,1600,217348230,382455080,,1582397825,55435242412a
,TILTING,100,1582884203,,,1899,217415303,382652691,,1582397886,55435242412a
,UNKNOWN,2,1582884228,,,1899,217415303,382652691,,1582397907,55435242412a
10,IN_CAR,10,1582884317,,0,958,217417684,382662344,,1582397951,55435242412a
0,IN_CAR,10,1582884447,,0,16,217417764,382662507,,1582398093,55435242412a
,UNKNOWN,2,1582884523,,,23,217417798,382662560,,1582398136,55435242412a
,UNKNOWN,2,1582884689,,,23,217417798,382662560,,1582398190,55435242412a
,IN_CAR,10,1582884843,,,23,217417798,382662560,,1582398232,55435242412a
,TILTING,100,1582884986,,,23,217417798,382662560,,1582398288,55435242412a
,IN_CAR,10,1582885083,,,23,217417798,382662560,,1582398303,55435242412a
,IN_CAR,1,1582885170,,,23,217417798,382662560,,1582398378,55435242412a
,UNKNOWN,1,1582885238,,,22,217417881,382661968,,1582398468,55435242412a
,IN_CAR,10,1582885413,,,22,217417881,382661968,,1582398558,55435242412a
,RUNNING,1,1582885489,,,22,217417881,382661968,,1582398648,55435242412a
,UNKNOWN,2,1582885565,,,16,217418134,382662991,,1582398738,55435242412a
,IN_CAR,10,1582885653,,,16,217418134,382662991,,1582398828,55435242412a
,WALKING,1,1582885805,,,16,217418134,382662991,,1582398863,55435242412a
,IN_CAR,10,1582885894,,,15,217417732,382661973,,1582399173,55435242412a
,IN_CAR,10,1582886046,,,16,217417745,382662309,,1582399655,55435242412a
,IN_CAR,10,1582886135,,,16,217417745,382662309,,1582399675,55435242412a
,UNKNOWN,2,1582886211,,,16,217417745,382662309,,1582399760,55435242412a
,RUNNING,1,1582886408,,,16,217417745,382662309,,1582399850,55435242412a
,IN_CAR,10,1582886497,,,16,217417745,382662309,,1582399940,55435242412a
,UNKNOWN,2,1582886650,,,22,217417762,382661746,,1582400030,55435242412a
,IN_CAR,10,1582886935,,,16,217417726,382661633,,1582400241,55435242412a
,STILL,1,1582887174,,,16,217417726,382661633,,1582400397,55435242412a
,IN_CAR,10,1582887253,,,16,217417726,382661633,,1582400484,55435242412a
,IN_CAR,10,1582887329,,,16,217417726,382661633,,1582400574,55435242412a
,UNKNOWN,2,1582887401,,,16,217417726,382661633,,1582400664,55435242412a
,IN_CAR,10,1582887474,,,16,217417717,382661545,,1582400754,55435242412a
,IN_CAR,10,1582887550,,,16,217417717,382661545,,1582400844,55435242412a
,STILL,100,1582887623,,,16,217417717,382661545,,1582400934,55435242412a
,STILL,100,1582887753,,,16,217417717,382661545,,1582401024,55435242412a
,STILL,100,1582887820,,,16,217417819,382662818,,1582401114,55435242412a
,STILL,100,1582887933,,,16,217417819,382662818,,1582401204,55435242412a
,STILL,100,1582888067,,,16,217417819,382662818,,1582401304,55435242412a
,STILL,100,1582888135,,,16,217417819,382662818,,1582401398,55435242412a
,STILL,100,1582888683,,,23,217417791,382661857,,1582401562,55435242412a
,STILL,100,1582889102,,,16,217417758,382662516,,1582401651,55435242412a
,STILL,100,1582889532,,,26,217417578,382662223,,1582402057,55435242412a
,UNKNOWN,2,1582889677,,,16,217417678,382662322,,1582403857,55435242412a
,STILL,100,1582889753,,,16,217417602,382662232,,1582405657,55435242412a
,TILTING,100,1582889966,,,16,217417602,382662232,,1582407227,55435242412a
,STILL,100,1582890036,,,16,217417645,382662326,,1582407387,55435242412a
,STILL,100,1582890161,,,16,217417718,382661593,,1582407417,55435242412a
,STILL,100,1582891344,,,16,217417718,382661594,,1582407505,55435242412a
,STILL,100,1582892260,,,1899,217415303,382652691,,1582407556,55435242412a
,UNKNOWN,1,1582892358,,,16,217417634,382662227,,1582407665,55435242412a
,IN_RAIL_VEHICLE,1,1582892439,,,16,217417591,382661906,,1582408025,55435242412a
,STILL,100,1582892502,,,17,217417707,382662360,,1582408325,55435242412a
,UNKNOWN,2,1582892623,,,16,217417710,382662342,,1582408385,55435242412a
,STILL,100,1582892870,,,16,217417759,382662438,,1582408485,55435242412a
,TILTING,100,1582893098,,,15,217417555,382662169,,1582408558,55435242412a
,IN_CAR,10,1582893249,,,15,217417555,382662169,,1582408950,55435242412a
,IN_CAR,1,1582893305,,,16,217417654,382661916,,1582409176,55435242412a
,STILL,100,1582893369,,,16,217417590,382662170,,1582409227,55435242412a
,IN_RAIL_VEHICLE,1,1582893492,,,16,217417739,382662408,,1582410259,55435242412a
,STILL,100,1582893610,,,16,217417730,382661646,,1582410457,55435242412a
,STILL,100,1582893732,,,16,217417730,382661646,,1582410474,55435242412a
,STILL,100,1582893802,,,23,217417805,382661866,,1582410559,55435242412a
,STILL,100,1582894120,,,23,217417805,382661866,,1582410576,55435242412a
,TILTING,100,1582894569,,,23,217417805,382661866,,1582410773,55435242412a
,STILL,100,1582894931,,,23,217417805,382661866,,1582410863,55435242412a
,IN_CAR,10,1582894998,,,16,217417724,382662439,,1582411163,55435242412a
,STILL,100,1582895097,,,2000,217426482,382666238,,1582412963,55435242412a
,STILL,100,1582895180,,,17,217417578,382662223,,1582413266,55435242412a
,STILL,100,1582895372,,,16,217417690,382662359,,1582413568,55435242412a
,STILL,100,1582895564,,,16,217417578,382662223,,1582415370,55435242412a
,STILL,100,1582895677,,,16,217417578,382662223,,1582416154,55435242412a
,STILL,100,1582895981,,,16,217417664,382662321,,1582419382,55435242412a
,STILL,100,1582896730,,,16,217417664,382662321,,1582425361,55435242412a
,ON_BICYCLE,2,1582897219,,,16,217417664,382662321,,1582425661,55435242412a
,UNKNOWN,1,1582897299,,,16,217417717,382661545,,1582438236,55435242412a
,STILL,100,1582897454,,,22,217417751,382661749,,1582438266,55435242412a
,STILL,100,1582898182,,,23,217417892,382661939,,1582438305,55435242412a
,STILL,100,1582899144,,,23,217417843,382661889,,1582438633,55435242412a
,UNKNOWN,1,1582900188,,,16,217417764,382661761,,1582438701,55435242412a
,STILL,100,1582900261,,,16,217417680,382661634,,1582438733,55435242412a
,STILL,100,1582900502,,,16,217417670,382661617,,1582438791,55435242412a
,STILL,100,1582901171,,,22,217417767,382661738,,1582438878,55435242412a
,STILL,100,1582902144,,,29,217417897,382662078,,1582438973,55435242412a
,IN_CAR,10,1582902582,,,23,217417852,382661912,,1582439033,55435242412a
,UNKNOWN,1,1582902631,,,29,217418064,382662142,,1582439215,55435242412a
,STILL,100,1582902708,,,16,217417717,382661545,,1582439277,55435242412a
,STILL,100,1582902820,,,16,217417639,382662283,,1582439398,55435242412a
,STILL,100,1582902941,,,16,217417658,382662338,,1582439458,55435242412a
,STILL,100,1582903062,,,16,217417658,382662338,,1582439520,55435242412a
147,STILL,100,1582903182,,0,16,217417672,382662321,,1582439820,55435242412a
,RUNNING,1,1582903707,,,16,217417651,382662318,,1582440035,55435242412a
,STILL,100,1582903778,,,16,217417678,382662403,,1582440120,55435242412a
,TILTING,100,1582904212,,,16,217417678,382662403,,1582440421,55435242412a
,STILL,100,1582904550,,,16,217417639,382662256,,1582440783,55435242412a
,IN_CAR,10,1582904621,,,17,217417578,382662223,,1582441144,55435242412a
,UNKNOWN,2,1582904698,,,17,217417578,382662223,,1582441506,55435242412a
,TILTING,100,1582904820,,,17,217417578,382662223,,1582441866,55435242412a
,STILL,100,1582904894,,,16,217417636,382662257,,1582442262,55435242412a
14,IN_CAR,10,1582904962,,0,49,217418332,382664311,,1582442657,55435242412a
,IN_CAR,10,1582905091,,,16,217417649,382662324,,1582443037,55435242412a
,UNKNOWN,1,1582905168,,,16,217417662,382662350,,1582443224,55435242412a
,WALKING,1,1582905243,,,16,217417662,382662350,,1582443284,55435242412a
,IN_TWO_WHEELER_VEHICLE,1,1582905310,,,135,217417418,382662014,,1582445224,55435242412a
,IN_CAR,10,1582905381,,,16,217417652,382662328,,1582447030,55435242412a
,UNKNOWN,2,1582905552,,,87,217418510,382664835,,1582447547,55435242412a
0,EXITING_VEHICLE,100,1582905730,29,0,14,217416636,382663396,-21,1582451117,55435242412a
,IN_CAR,1,1582905935,,,16,217417742,382662488,,1582451418,55435242412a
,IN_CAR,10,1582905963,,,16,217417742,382662488,,1582453119,55435242412a
,UNKNOWN,2,1582905982,,,17,217417578,382662223,,1582453243,55435242412a
,TILTING,100,1582905997,,,16,217417693,382662355,,1582453493,55435242412a
,RUNNING,1,1582906064,,,28,217417949,382662302,,1582453614,55435242412a
,IN_CAR,10,1582906140,,,23,217417658,382661710,,1582453777,55435242412a
,IN_TWO_WHEELER_VEHICLE,1,1582906216,,,23,217417777,382661806,,1582453800,55435242412a
,IN_CAR,10,1582906308,,,23,217417832,382661836,,1582454041,55435242412a
,STILL,1,1582913387,,,16,217417717,382661545,,1582454162,55435242412a
,IN_CAR,10,1582913503,,,17,217417751,382661665,,1582454421,55435242412a
,UNKNOWN,1,1582913540,,,23,217417795,382662037,,1582454553,55435242412a
,IN_CAR,10,1582913600,,,23,217417795,382662037,,1582454733,55435242412a
,IN_CAR,10,1582913661,,,30,217417859,382662225,,1582454769,55435242412a
,IN_RAIL_VEHICLE,1,1582913722,,,1899,217415303,382652691,,1582454820,55435242412a
,IN_CAR,10,1582913783,,,1899,217415303,382652691,,1582454910,55435242412a
,IN_CAR,10,1582913859,,,1899,217415303,382652691,,1582455007,55435242412a
,IN_RAIL_VEHICLE,1,1582913935,,,1899,217415303,382652691,,1582455120,55435242412a
,EXITING_VEHICLE,100,1582914064,,,1899,217415303,382652691,,1582455137,55435242412a
,IN_CAR,10,1582914133,,,16,217417717,382661545,,1582455318,55435242412a
,IN_CAR,10,1582914288,,,23,217417770,382661879,,1582455529,55435242412a
,UNKNOWN,2,1582914374,,,23,217417793,382661866,,1582455622,55435242412a
,STILL,100,1582914496,,,23,217417907,382662137,,1582455767,55435242412a
,RUNNING,1,1582914770,,,22,217417829,382661882,,1582455833,55435242412a
,STILL,100,1583097551,,,16,217409260,382662726,,1582456016,55435242412a
,STILL,100,1583097621,,,1899,217415303,382652691,,1582456150,55435242412a
,STILL,100,1583097935,,,1899,217415303,382652691,,1582456271,55435242412a
,STILL,100,1583098493,,,1899,217415303,382652691,,1582456389,55435242412a
,IN_CAR,10,1583167835,,,1899,217415303,382652691,,1582456507,55435242412a
,STILL,100,1583167850,,,1899,217392946,382616166,,1582456625,55435242412a
,STILL,100,1583167952,2,,17,217388078,382596601,31,1582456673,55435242412a
183,UNKNOWN,2,1583168019,2,0,10,217385684,382596423,31,1582456690,55435242412a
212,UNKNOWN,1,1583168095,2,0,5,217384816,382595925,31,1582456705,55435242412a
,UNKNOWN,2,1583168194,2,,17,217387483,382593812,31,1582456832,55435242412a
,IN_CAR,10,1583168265,2,,29,217385167,382601474,30,1582456953,55435242412a
,IN_RAIL_VEHICLE,1,1583168343,,,26,217389628,382608265,,1582457074,55435242412a
,TILTING,100,1583168386,2,,60,217388466,382614030,30,1582457195,55435242412a
,STILL,100,1583168422,,,1399,217378040,382559332,,1582457435,55435242412a
,IN_CAR,1,1583168483,,,135,217396778,382642346,,1582457516,55435242412a
,UNKNOWN,1,1583168605,,,268,217396778,382642346,,1582457605,55435242412a
,IN_RAIL_VEHICLE,1,1583168666,2,,31,217396242,382653241,31,1582457706,55435242412a
,UNKNOWN,1,1583168730,2,,184,217396242,382653241,31,1582457808,55435242412a
,UNKNOWN,1,1583168853,2,,365,217396242,382653241,31,1582457929,55435242412a
,IN_RAIL_VEHICLE,1,1583168914,2,,548,217396242,382653241,31,1582458051,55435242412a
,UNKNOWN,1,1583169395,,,1899,217415303,382652691,,1582458171,55435242412a
,ON_BICYCLE,1,1583169467,,,1899,217415303,382652691,,1582458292,55435242412a
,STILL,100,1583169637,,,1899,217415303,382652691,,1582458411,55435242412a
,IN_CAR,10,1583169975,,,1899,217415303,382652691,,1582458529,55435242412a
,STILL,100,1583170051,,,1899,217415303,382652691,,1582458647,55435242412a
,STILL,100,1583170159,,,1899,217415303,382652691,,1582458766,55435242412a
,STILL,100,1583170280,,,1899,217415303,382652691,,1582458884,55435242412a
,IN_RAIL_VEHICLE,1,1583170401,,,1899,217415303,382652691,,1582459001,55435242412a
,STILL,100,1583170523,,,1899,217415303,382652691,,1582459120,55435242412a
,TILTING,100,1583170652,,,1899,217415303,382652691,,1582459332,55435242412a
,STILL,100,1583170779,,,1899,217415303,382652691,,1582459419,55435242412a
,IN_CAR,1,1583170974,,,1899,217415303,382652691,,1582459721,55435242412a
,IN_CAR,10,1583171095,,,1899,217415303,382652691,,1582460024,55435242412a
,IN_RAIL_VEHICLE,1,1583171168,,,1899,217415303,382652691,,1582460327,55435242412a
,UNKNOWN,1,1583171288,,,1899,217415303,382652691,,1582461237,55435242412a
,TILTING,100,1583171437,,,1899,217415303,382652691,,1582461558,55435242412a
,STILL,100,1583171458,,,1899,217415303,382652691,,1582461861,55435242412a
,STILL,100,1583171526,,,1899,217415303,382652691,,1582462920,55435242412a
,STILL,100,1583171689,,,1899,217415303,382652691,,1582462950,55435242412a
,STILL,100,1583171957,,,72,217417578,382662223,,1582464187,55435242412a
,STILL,100,1583172074,,,77,217417578,382662223,,1582464212,55435242412a
,STILL,100,1583172175,,,77,217417578,382662223,,1582464286,55435242412a
,STILL,100,1583172281,,,77,217417578,382662223,,1582464310,55435242412a
,STILL,100,1583173125,,,23,217417820,382661871,,1582464330,55435242412a
,STILL,100,1583174043,,,98,217417578,382662223,,1582464374,55435242412a
,TILTING,100,1583174509,,,16,217417736,382661674,,1582464423,55435242412a
,STILL,100,1583175145,,,22,217417769,382661739,,1582464476,55435242412a
,STILL,100,1583176105,,,17,217417696,382662572,,1582464557,55435242412a
,IN_CAR,10,1583176718,,,24,217417820,382661900,,1582464650,55435242412a
,IN_CAR,10,1583176840,,,17,217417749,382661651,,1582464666,55435242412a
,IN_RAIL_VEHICLE,1,1583176916,,,29,217417842,382662132,,1582464737,55435242412a
,STILL,100,1583177023,,,17,217417681,382661670,,1582464759,55435242412a
,TILTING,100,1583177202,,,22,217417763,382661779,,1582464835,55435242412a
,STILL,100,1583177299,,,16,217417647,382661555,,1582465490,55435242412a
,RUNNING,1,1583245981,,,16,217417647,382661555,,1582465594,55435242412a
,UNKNOWN,2,1583246088,,,23,217417799,382661754,,1582465890,55435242412a
,UNKNOWN,2,1583246227,,,23,217417799,382661754,,1582466078,55435242412a
,IN_CAR,10,1583246300,,,23,217417799,382661754,,1582466181,55435242412a
,UNKNOWN,2,1583246348,,,23,217417799,382661754,,1582466271,55435242412a
,TILTING,100,1583246429,,,23,217417799,382661754,,1582466293,55435242412a
,STILL,100,1583246528,,,23,217417837,382661939,,1582466379,55435242412a
,RUNNING,1,1583246669,,,23,217417837,382661939,,1582466412,55435242412a
,IN_CAR,10,1583246745,,,16,217417719,382662405,,1582466897,55435242412a
,UNKNOWN,1,1583246895,,,16,217417719,382662405,,1582468767,55435242412a
,IN_TWO_WHEELER_VEHICLE,1,1583246963,,,82,217418510,382664835,,1582468791,55435242412a
,UNKNOWN,1,1583247113,,,26,217417578,382662223,,1582469081,55435242412a
,IN_RAIL_VEHICLE,1,1583247176,,,22,217417770,382661737,,1582469719,55435242412a
,UNKNOWN,1,1583247475,,,23,217417788,382661839,,1582469795,55435242412a
,STILL,100,1583256903,,,24,217417836,382661968,,1582469835,55435242412a
,TILTING,100,1583256950,,,23,217417830,382661925,,1582469925,55435242412a
,IN_CAR,1,1583256993,,,22,217417741,382661817,,1582470015,55435242412a
,STILL,1,1583257069,,,17,217417714,382661916,,1582470076,55435242412a
,UNKNOWN,2,1583257222,,,23,217417887,382662002,,1582470118,55435242412a
,UNKNOWN,2,1583257287,,,16,217417694,382662488,,1582470133,55435242412a
,UNKNOWN,2,1583257355,,,16,217417729,382661646,,1582470582,55435242412a
,STILL,100,1583257649,,,1899,217415303,382652691,,1582470643,55435242412a
,STILL,100,1583340797,,,17,217417745,382661611,,1582470764,55435242412a
,STILL,100,1583514670,,,16,217417725,382661630,,1582470882,55435242412a
,TILTING,100,1583514741,3,,22,217418105,382661581,37,1582471001,55435242412a
,IN_CAR,10,1583514762,,,1899,217415303,382652691,,1582471273,55435242412a
,UNKNOWN,1,1583514838,,,116,217391399,382616715,,1582471318,55435242412a
,STILL,100,1583514905,,,1899,217415303,382652691,,1582471386,55435242412a
,ON_BICYCLE,2,1583514973,,,1899,217415303,382652691,,1582471421,55435242412a
,IN_CAR,1,1583515049,,,1899,217415303,382652691,,1582471460,55435242412a
,UNKNOWN,1,1583515116,,,1899,217415303,382652691,,1582471495,55435242412a
,STILL,100,1583515184,,,1899,217415303,382652691,,1582471530,55435242412a
,IN_CAR,10,1583515251,,,1899,217415303,382652691,,1582471592,55435242412a
,UNKNOWN,2,1583515309,,,1899,217415303,382652691,,1582471653,55435242412a
,IN_TWO_WHEELER_VEHICLE,1,1583515380,,,1899,217415303,382652691,,1582471715,55435242412a
,IN_CAR,10,1583515456,,,778,217388459,382592421,,1582471775,55435242412a
,IN_CAR,10,1583515532,,,1899,217415303,382652691,,1582471893,55435242412a
,UNKNOWN,1,1583515610,,,1899,217415303,382652691,,1582472013,55435242412a
,STILL,100,1583515687,,,1899,217415303,382652691,,1582472131,55435242412a
,STILL,100,1583515822,,,1899,217415303,382652691,,1582472249,55435242412a
,STILL,100,1583515911,,,1899,217415303,382652691,,1582472367,55435242412a
,STILL,100,1583515982,,,1899,217415303,382652691,,1582472486,55435242412a
,STILL,100,1583516164,,,1899,217415303,382652691,,1582472603,55435242412a
,STILL,100,1583516230,,,1899,217415303,382652691,,1582472721,55435242412a
,STILL,100,1583516578,,,1899,217415303,382652691,,1582472839,55435242412a
,TILTING,100,1583517185,,,1899,217415303,382652691,,1582472958,55435242412a
,STILL,100,1583517539,,,1899,217415303,382652691,,1582473085,55435242412a
,UNKNOWN,3,1583518120,,,1899,217415303,382652691,,1582473204,55435242412a
,STILL,100,1583518293,,,1899,217415303,382652691,,1582473321,55435242412a
,STILL,100,1583518445,,,1899,217415303,382652691,,1582473439,55435242412a
,STILL,100,1583518460,,,1899,217415303,382652691,,1582473558,55435242412a
,STILL,100,1583519384,,,1899,217415303,382652691,,1582473677,55435242412a
,STILL,100,1583520083,,,1899,217415303,382652691,,1582473805,55435242412a
,STILL,100,1583520482,,,1899,217415303,382652691,,1582473922,55435242412a
,TILTING,100,1583522424,,,1899,217415303,382652691,,1582474040,55435242412a
,STILL,100,1583523949,,,1899,217415303,382652691,,1582474158,55435242412a
,UNKNOWN,1,1583524753,,,1899,217415303,382652691,,1582474277,55435242412a
,STILL,100,1583524870,,,1899,217415303,382652691,,1582474395,55435242412a
,STILL,100,1583525434,,,1899,217415303,382652691,,1582474513,55435242412a
,ON_BICYCLE,1,1583525991,,,1899,217415303,382652691,,1582474631,55435242412a
,UNKNOWN,1,1583526063,,,1899,217415303,382652691,,1582474750,55435242412a
,STILL,100,1583526142,,,1899,217415303,382652691,,1582474893,55435242412a
,STILL,100,1583526264,,,1899,217415303,382652691,,1582475050,55435242412a
,IN_CAR,10,1583526324,,,1899,217415303,382652691,,1582475194,55435242412a
,STILL,100,1583526543,,,1899,217415303,382652691,,1582475357,55435242412a
,IN_CAR,10,1583526698,,,1899,217415303,382652691,,1582475494,55435242412a
,STILL,100,1583526794,,,1899,217415303,382652691,,1582475584,55435242412a
,UNKNOWN,2,1583526916,,,1899,217415303,382652691,,1582475640,55435242412a
,UNKNOWN,2,1583527037,,,1899,217415303,382652691,,1582475660,55435242412a
,ON_BICYCLE,2,1583527115,,,1899,217415303,382652691,,1582475811,55435242412a
,STILL,100,1583527239,,,1799,217299788,382420449,,1582475846,55435242412a
,STILL,100,1583527416,,,1799,217299788,382420449,,1582475908,55435242412a
,TILTING,100,1583527813,,,1799,217299788,382420449,,1582475968,55435242412a
,STILL,100,1583528323,,,1799,217299788,382420449,,1582476089,55435242412a
,STILL,100,1583529290,,,1799,217299788,382420449,,1582476210,55435242412a
,TILTING,100,1583530213,,,1799,217299788,382420449,,1582476330,55435242412a
,STILL,100,1583530530,,,1799,217299788,382420449,,1582476452,55435242412a
,STILL,100,1583531610,,,1799,217299788,382420449,,1582476572,55435242412a
,ON_BICYCLE,2,1583532082,,,1799,217299788,382420449,,1582476693,55435242412a
,STILL,100,1583532157,,,1799,217299788,382420449,,1582476815,55435242412a
,TILTING,100,1583532248,,,1799,217299788,382420449,,1582476935,55435242412a
,STILL,100,1583532327,,,1799,217299788,382420449,,1582477056,55435242412a
,STILL,100,1583532687,,,1799,217299788,382420449,,1582477186,55435242412a
,UNKNOWN,1,1583532888,,,1799,217299788,382420449,,1582477307,55435242412a
,IN_CAR,10,1583533052,,,1799,217299788,382420449,,1582477404,55435242412a
,STILL,100,1583533113,,,1799,217299788,382420449,,1582477437,55435242412a
,STILL,100,1583533301,,,1799,217299788,382420449,,1582477503,55435242412a
,TILTING,100,1583533460,,,1799,217299788,382420449,,1582477579,55435242412a
,STILL,100,1583533483,,,1799,217299788,382420449,,1582477656,55435242412a
,STILL,100,1583533547,,,1799,217299788,382420449,,1582477736,55435242412a
,STILL,100,1583533641,,,1799,217299788,382420449,,1582477819,55435242412a
,TILTING,100,1583533832,,,1799,217299788,382420449,,1582477940,55435242412a
,IN_CAR,10,1583534003,,,1799,217299788,382420449,,1582478061,55435242412a
,TILTING,100,1583534104,,,1799,217299788,382420449,,1582478182,55435242412a
,STILL,100,1583534179,,,1799,217299788,382420449,,1582478305,55435242412a
,UNKNOWN,1,1583534247,2,,16,217329902,382461576,37,1582478527,55435242412a
,UNKNOWN,1,1583534363,5,,16,217329725,382461594,36,1582478827,55435242412a
,UNKNOWN,2,1583534667,2,,16,217329737,382461609,37,1582479137,55435242412a
299,STILL,100,1583534745,5,0,16,217329723,382461668,37,1582479705,55435242412a
,UNKNOWN,1,1583536234,2,,23,217329721,382461669,37,1582479707,55435242412a
,STILL,100,1583538409,2,,23,217329721,382461669,37,1582479767,55435242412a
337,STILL,100,1583540397,6,0,16,217329738,382461607,36,1582479792,55435242412a
230,IN_CAR,10,1583580966,6,0,17,217329592,382461621,36,1582479815,55435242412a
230,IN_CAR,1,1583584410,6,0,17,217329592,382461621,36,1582479830,55435242412a
230,STILL,100,1583585475,6,0,17,217329592,382461621,36,1582479845,55435242412a
33,IN_CAR,1,1583613056,5,0,16,217329721,382461669,37,1582479865,55435242412a
120,STILL,100,1583635158,5,0,16,217329870,382461576,31,1582479883,55435242412a
,STILL,100,1583642013,5,,16,217329735,382461608,36,1582479905,55435242412a
270,STILL,100,1583656921,5,0,16,217329734,382461608,36,1582479927,55435242412a
